Kind,Name,MaxNesting,SumCyclomatic,AvgCyclomatic,MaxCyclomatic
File,"AbstractExecTest.java",1,7,1,2
File,"CommandLauncher.java",0,0,0,0
File,"CommandLauncherFactory.java",1,3,1,2
File,"CommandLauncherImpl.java",0,2,1,1
File,"CommandLauncherProxy.java",0,2,1,1
File,"CommandLine.java",4,50,2,13
File,"CommandLineTest.java",1,41,1,2
File,"DaemonExecutor.java",0,1,1,1
File,"DebugUtils.java",2,6,2,4
File,"DefaultExecuteResultHandler.java",1,12,1,2
File,"DefaultExecutor.java",3,55,2,16
File,"DefaultExecutorTest.java",2,52,1,4
File,"DefaultProcessingEnvironment.java",1,9,1,2
File,"EnvironmentUtils.java",1,10,2,5
File,"EnvironmentUtilsTest.java",1,9,1,3
File,"Exec33Test.java",0,1,1,1
File,"Exec34Test.java",0,2,1,1
File,"Exec36Test.java",1,11,1,4
File,"Exec41Test.java",1,9,4,6
File,"Exec44Test.java",0,1,1,1
File,"Exec49Test.java",2,6,3,3
File,"Exec57Test.java",1,3,1,2
File,"Exec60Test.java",3,4,4,4
File,"Exec62Test.java",1,6,1,2
File,"Exec65Test.java",1,7,1,2
File,"ExecuteException.java",0,4,1,1
File,"ExecuteResultHandler.java",0,0,0,0
File,"ExecuteStreamHandler.java",0,0,0,0
File,"ExecuteWatchdog.java",3,24,2,5
File,"Executor.java",0,0,0,0
File,"InputStreamPumper.java",3,6,2,4
File,"Java13CommandLauncher.java",0,2,1,1
File,"LogOutputStream.java",2,21,1,5
File,"LogOutputStreamTest.java",1,10,1,2
File,"MapUtilTest.java",0,3,1,1
File,"MapUtils.java",1,8,2,3
File,"OS.java",3,36,2,19
File,"OS2CommandLauncher.java",1,3,1,2
File,"OpenVmsProcessingEnvironment.java",0,0,0,0
File,"ProcessDestroyer.java",0,0,0,0
File,"PumpStreamHandler.java",4,37,2,7
File,"ShutdownHookProcessDestroyer.java",2,21,1,4
File,"StandAloneTest.java",1,3,1,2
File,"StreamPumper.java",2,12,2,5
File,"StringUtilTest.java",1,5,1,2
File,"StringUtils.java",6,27,4,14
File,"TestUtil.java",1,9,3,4
File,"TimeoutObserver.java",0,0,0,0
File,"TutorialTest.java",1,10,1,3
File,"VmsCommandLauncher.java",6,12,3,9
File,"Watchdog.java",2,12,1,4
File,"WinNTCommandLauncher.java",1,3,1,2
File,"bin.xml",0,0,0,0
File,"build.xml",0,0,0,0
File,"changes.xml",0,0,0,0
File,"checkstyle.xml",0,0,0,0
Public Implicit Method,"clone",,0,,
File,"download_exec.xml",0,0,0,0
File,"findbugs-exclude-filter.xml",0,0,0,0
File,"issue-tracking.xml",0,0,0,0
File,"mail-lists.xml",0,0,0,0
Package,"org",0,0,0,0
Package,"org.apache",0,0,0,0
Package,"org.apache.commons",0,0,0,0
Package,"org.apache.commons.exec",4,423,1,19
Public Abstract Class,"org.apache.commons.exec.AbstractExecTest",1,7,1,2
Protected Method,"org.apache.commons.exec.AbstractExecTest.getName",0,1,,
Protected Method,"org.apache.commons.exec.AbstractExecTest.resolveTestScript",1,2,,
Protected Method,"org.apache.commons.exec.AbstractExecTest.resolveTestScript",1,2,,
Protected Method,"org.apache.commons.exec.AbstractExecTest.testIsBrokenForCurrentOperatingSystem",0,1,,
Protected Method,"org.apache.commons.exec.AbstractExecTest.testNotSupportedForCurrentOperatingSystem",0,1,,
Public Class,"org.apache.commons.exec.CommandLine",4,47,2,13
Class,"org.apache.commons.exec.CommandLine.Argument",0,3,1,1
Private Constructor,"org.apache.commons.exec.CommandLine.Argument.Argument",0,1,,
Private Method,"org.apache.commons.exec.CommandLine.Argument.getValue",0,1,,
Private Method,"org.apache.commons.exec.CommandLine.Argument.isHandleQuoting",0,1,,
Public Constructor,"org.apache.commons.exec.CommandLine.CommandLine",0,1,,
Public Constructor,"org.apache.commons.exec.CommandLine.CommandLine",0,1,,
Public Constructor,"org.apache.commons.exec.CommandLine.CommandLine",2,3,,
Public Method,"org.apache.commons.exec.CommandLine.addArgument",0,1,,
Public Method,"org.apache.commons.exec.CommandLine.addArgument",1,3,,
Public Method,"org.apache.commons.exec.CommandLine.addArguments",0,1,,
Public Method,"org.apache.commons.exec.CommandLine.addArguments",2,3,,
Public Method,"org.apache.commons.exec.CommandLine.addArguments",0,1,,
Public Method,"org.apache.commons.exec.CommandLine.addArguments",1,2,,
Private Method,"org.apache.commons.exec.CommandLine.expandArgument",0,1,,
Public Method,"org.apache.commons.exec.CommandLine.getArguments",1,3,,
Public Method,"org.apache.commons.exec.CommandLine.getExecutable",0,1,,
Public Method,"org.apache.commons.exec.CommandLine.getSubstitutionMap",0,1,,
Public Method,"org.apache.commons.exec.CommandLine.isFile",0,1,,
Public Static Method,"org.apache.commons.exec.CommandLine.parse",0,1,,
Public Static Method,"org.apache.commons.exec.CommandLine.parse",1,4,,
Public Method,"org.apache.commons.exec.CommandLine.setSubstitutionMap",0,1,,
Private Method,"org.apache.commons.exec.CommandLine.toCleanExecutable",1,3,,
Public Method,"org.apache.commons.exec.CommandLine.toString",0,1,,
Public Method,"org.apache.commons.exec.CommandLine.toStrings",0,1,,
Private Static Method,"org.apache.commons.exec.CommandLine.translateCommandline",4,13,,
Public Class,"org.apache.commons.exec.CommandLineTest",1,41,1,2
Public Method,"org.apache.commons.exec.CommandLineTest.testAddArgument",0,1,,
Public Method,"org.apache.commons.exec.CommandLineTest.testAddArgumentWithBothQuotes",1,2,,
Public Method,"org.apache.commons.exec.CommandLineTest.testAddArgumentWithQuote",0,1,,
Public Method,"org.apache.commons.exec.CommandLineTest.testAddArgumentWithQuotesAround",0,1,,
Public Method,"org.apache.commons.exec.CommandLineTest.testAddArgumentWithSingleQuote",0,1,,
Public Method,"org.apache.commons.exec.CommandLineTest.testAddArgumentWithSpace",0,1,,
Public Method,"org.apache.commons.exec.CommandLineTest.testAddArguments",0,1,,
Public Method,"org.apache.commons.exec.CommandLineTest.testAddArgumentsArray",0,1,,
Public Method,"org.apache.commons.exec.CommandLineTest.testAddArgumentsArrayNull",0,1,,
Public Method,"org.apache.commons.exec.CommandLineTest.testAddArgumentsWithQuotes",0,1,,
Public Method,"org.apache.commons.exec.CommandLineTest.testAddArgumentsWithQuotesAndSpaces",0,1,,
Public Method,"org.apache.commons.exec.CommandLineTest.testAddNullArgument",0,1,,
Public Method,"org.apache.commons.exec.CommandLineTest.testAddTwoArguments",0,1,,
Public Method,"org.apache.commons.exec.CommandLineTest.testCommandLineParsingWithExpansion1",0,1,,
Public Method,"org.apache.commons.exec.CommandLineTest.testCommandLineParsingWithExpansion2",0,1,,
Public Method,"org.apache.commons.exec.CommandLineTest.testCommandLineParsingWithExpansion3",0,1,,
Public Method,"org.apache.commons.exec.CommandLineTest.testComplexAddArgument",0,1,,
Public Method,"org.apache.commons.exec.CommandLineTest.testComplexAddArguments1",0,1,,
Public Method,"org.apache.commons.exec.CommandLineTest.testComplexAddArguments2",0,1,,
Public Method,"org.apache.commons.exec.CommandLineTest.testCopyConstructor",0,1,,
Public Method,"org.apache.commons.exec.CommandLineTest.testExecutable",0,1,,
Public Method,"org.apache.commons.exec.CommandLineTest.testExecutableWhitespaceString",1,2,,
Public Method,"org.apache.commons.exec.CommandLineTest.testExecutableZeroLengthString",1,2,,
Public Method,"org.apache.commons.exec.CommandLineTest.testNullExecutable",1,2,,
Public Method,"org.apache.commons.exec.CommandLineTest.testParseCommandLine",0,1,,
Public Method,"org.apache.commons.exec.CommandLineTest.testParseCommandLineWithNull",1,2,,
Public Method,"org.apache.commons.exec.CommandLineTest.testParseCommandLineWithOnlyWhitespace",1,2,,
Public Method,"org.apache.commons.exec.CommandLineTest.testParseCommandLineWithQuotes",0,1,,
Public Method,"org.apache.commons.exec.CommandLineTest.testParseCommandLineWithUnevenQuotes",1,2,,
Public Method,"org.apache.commons.exec.CommandLineTest.testParseComplexCommandLine1",0,1,,
Public Method,"org.apache.commons.exec.CommandLineTest.testParseComplexCommandLine2",0,1,,
Public Method,"org.apache.commons.exec.CommandLineTest.testParseRealLifeCommandLine_1",0,1,,
Public Method,"org.apache.commons.exec.CommandLineTest.testToString",0,1,,
Public Method,"org.apache.commons.exec.CommandLineTest.testToStringTroubleshooting",0,1,,
Public Class,"org.apache.commons.exec.DaemonExecutor",0,1,1,1
Protected Method,"org.apache.commons.exec.DaemonExecutor.createThread",0,1,,
Public Class,"org.apache.commons.exec.DefaultExecuteResultHandler",1,12,1,2
Public Constructor,"org.apache.commons.exec.DefaultExecuteResultHandler.DefaultExecuteResultHandler",0,1,,
Public Method,"org.apache.commons.exec.DefaultExecuteResultHandler.getException",1,2,,
Public Method,"org.apache.commons.exec.DefaultExecuteResultHandler.getExitValue",1,2,,
Public Method,"org.apache.commons.exec.DefaultExecuteResultHandler.hasResult",0,1,,
Public Method,"org.apache.commons.exec.DefaultExecuteResultHandler.onProcessComplete",0,1,,
Public Method,"org.apache.commons.exec.DefaultExecuteResultHandler.onProcessFailed",0,1,,
Public Method,"org.apache.commons.exec.DefaultExecuteResultHandler.waitFor",1,2,,
Public Method,"org.apache.commons.exec.DefaultExecuteResultHandler.waitFor",1,2,,
Public Class,"org.apache.commons.exec.DefaultExecutor",3,52,2,16
Public Constructor,"org.apache.commons.exec.DefaultExecutor.DefaultExecutor",0,1,,
Private Method,"org.apache.commons.exec.DefaultExecutor.closeProcessStreams",1,4,,
Protected Method,"org.apache.commons.exec.DefaultExecutor.createThread",0,1,,
Public Method,"org.apache.commons.exec.DefaultExecutor.execute",0,1,,
Public Method,"org.apache.commons.exec.DefaultExecutor.execute",1,2,,
Public Method,"org.apache.commons.exec.DefaultExecutor.execute",0,1,,
Public Method,"org.apache.commons.exec.DefaultExecutor.execute",0,3,,
Anonymous Class,"org.apache.commons.exec.DefaultExecutor.execute.(Anon_1)",1,3,3,3
Public Method,"org.apache.commons.exec.DefaultExecutor.execute.(Anon_1).run",1,3,,
Private Method,"org.apache.commons.exec.DefaultExecutor.executeInternal",3,16,,
Private Method,"org.apache.commons.exec.DefaultExecutor.getExceptionCaught",0,1,,
Protected Method,"org.apache.commons.exec.DefaultExecutor.getExecutorThread",0,1,,
Public Method,"org.apache.commons.exec.DefaultExecutor.getProcessDestroyer",0,1,,
Public Method,"org.apache.commons.exec.DefaultExecutor.getStreamHandler",0,1,,
Public Method,"org.apache.commons.exec.DefaultExecutor.getWatchdog",0,1,,
Public Method,"org.apache.commons.exec.DefaultExecutor.getWorkingDirectory",0,1,,
Public Method,"org.apache.commons.exec.DefaultExecutor.isFailure",2,5,,
Protected Method,"org.apache.commons.exec.DefaultExecutor.launch",1,3,,
Private Method,"org.apache.commons.exec.DefaultExecutor.setExceptionCaught",1,2,,
Public Method,"org.apache.commons.exec.DefaultExecutor.setExitValue",0,1,,
Public Method,"org.apache.commons.exec.DefaultExecutor.setExitValues",0,2,,
Public Method,"org.apache.commons.exec.DefaultExecutor.setProcessDestroyer",0,1,,
Public Method,"org.apache.commons.exec.DefaultExecutor.setStreamHandler",0,1,,
Public Method,"org.apache.commons.exec.DefaultExecutor.setWatchdog",0,1,,
Public Method,"org.apache.commons.exec.DefaultExecutor.setWorkingDirectory",0,1,,
Public Class,"org.apache.commons.exec.DefaultExecutorTest",2,51,1,4
Public Method,"org.apache.commons.exec.DefaultExecutorTest._testExecuteStability",1,3,,
Public Static Method,"org.apache.commons.exec.DefaultExecutorTest.classSetUp",0,1,,
Private Method,"org.apache.commons.exec.DefaultExecutorTest.getOccurrences",2,3,,
Private Method,"org.apache.commons.exec.DefaultExecutorTest.readFile",1,2,,
Public Method,"org.apache.commons.exec.DefaultExecutorTest.setUp",1,2,,
Public Method,"org.apache.commons.exec.DefaultExecutorTest.tearDown",0,1,,
Public Method,"org.apache.commons.exec.DefaultExecutorTest.testAddEnvironmentVariableEmbeddedQuote",0,1,,
Public Method,"org.apache.commons.exec.DefaultExecutorTest.testAddEnvironmentVariables",0,1,,
Public Method,"org.apache.commons.exec.DefaultExecutorTest.testEnvironmentVariables",0,1,,
Public Method,"org.apache.commons.exec.DefaultExecutorTest.testExecute",0,1,,
Public Method,"org.apache.commons.exec.DefaultExecutorTest.testExecuteAsync",0,1,,
Public Method,"org.apache.commons.exec.DefaultExecutorTest.testExecuteAsyncNonExistingApplication",0,1,,
Public Method,"org.apache.commons.exec.DefaultExecutorTest.testExecuteAsyncNonExistingApplicationWithWatchdog",0,1,,
Anonymous Class,"org.apache.commons.exec.DefaultExecutorTest.testExecuteAsyncNonExistingApplicationWithWatchdog.(Anon_1)",0,1,1,1
Public Method,"org.apache.commons.exec.DefaultExecutorTest.testExecuteAsyncNonExistingApplicationWithWatchdog.(Anon_1).onProcessFailed",0,1,,
Public Method,"org.apache.commons.exec.DefaultExecutorTest.testExecuteAsyncWithError",0,1,,
Public Method,"org.apache.commons.exec.DefaultExecutorTest.testExecuteAsyncWithProcessDestroyer",0,1,,
Public Method,"org.apache.commons.exec.DefaultExecutorTest.testExecuteAsyncWithTimelyUserTermination",0,1,,
Public Method,"org.apache.commons.exec.DefaultExecutorTest.testExecuteAsyncWithTooLateUserTermination",0,1,,
Public Method,"org.apache.commons.exec.DefaultExecutorTest.testExecuteNonExistingApplication",0,1,,
Public Method,"org.apache.commons.exec.DefaultExecutorTest.testExecuteNonExistingApplicationWithWatchDog",0,1,,
Public Method,"org.apache.commons.exec.DefaultExecutorTest.testExecuteWatchdogAsync",0,1,,
Public Method,"org.apache.commons.exec.DefaultExecutorTest.testExecuteWatchdogSync",1,4,,
Public Method,"org.apache.commons.exec.DefaultExecutorTest.testExecuteWatchdogVeryLongTimeout",1,2,,
Public Method,"org.apache.commons.exec.DefaultExecutorTest.testExecuteWithArg",0,1,,
Public Method,"org.apache.commons.exec.DefaultExecutorTest.testExecuteWithComplexArguments",0,1,,
Public Method,"org.apache.commons.exec.DefaultExecutorTest.testExecuteWithCustomExitValue1",0,1,,
Public Method,"org.apache.commons.exec.DefaultExecutorTest.testExecuteWithCustomExitValue2",1,2,,
Public Method,"org.apache.commons.exec.DefaultExecutorTest.testExecuteWithError",1,2,,
Public Method,"org.apache.commons.exec.DefaultExecutorTest.testExecuteWithFancyArg",0,1,,
Public Method,"org.apache.commons.exec.DefaultExecutorTest.testExecuteWithInvalidWorkingDirectory",0,1,,
Public Method,"org.apache.commons.exec.DefaultExecutorTest.testExecuteWithNullOutErr",0,1,,
Public Method,"org.apache.commons.exec.DefaultExecutorTest.testExecuteWithProcessDestroyer",0,1,,
Public Method,"org.apache.commons.exec.DefaultExecutorTest.testExecuteWithRedirectOutErr",1,1,,
Public Method,"org.apache.commons.exec.DefaultExecutorTest.testExecuteWithRedirectedStreams",1,3,,
Public Method,"org.apache.commons.exec.DefaultExecutorTest.testExecuteWithSingleEnvironmentVariable",0,1,,
Public Method,"org.apache.commons.exec.DefaultExecutorTest.testExecuteWithStdOutErr",0,1,,
Public Method,"org.apache.commons.exec.DefaultExecutorTest.testExecuteWithWorkingDirectory",0,1,,
Public Method,"org.apache.commons.exec.DefaultExecutorTest.testStdInHandling",0,1,,
Public Class,"org.apache.commons.exec.ExecuteException",0,4,1,1
Public Constructor,"org.apache.commons.exec.ExecuteException.ExecuteException",0,1,,
Public Constructor,"org.apache.commons.exec.ExecuteException.ExecuteException",0,1,,
Public Method,"org.apache.commons.exec.ExecuteException.getCause",0,1,,
Public Method,"org.apache.commons.exec.ExecuteException.getExitValue",0,1,,
Public Interface,"org.apache.commons.exec.ExecuteResultHandler",0,0,0,0
Abstract Method,"org.apache.commons.exec.ExecuteResultHandler.onProcessComplete",0,0,,
Abstract Method,"org.apache.commons.exec.ExecuteResultHandler.onProcessFailed",0,0,,
Public Interface,"org.apache.commons.exec.ExecuteStreamHandler",0,0,0,0
Abstract Method,"org.apache.commons.exec.ExecuteStreamHandler.setProcessErrorStream",0,0,,
Abstract Method,"org.apache.commons.exec.ExecuteStreamHandler.setProcessInputStream",0,0,,
Abstract Method,"org.apache.commons.exec.ExecuteStreamHandler.setProcessOutputStream",0,0,,
Abstract Method,"org.apache.commons.exec.ExecuteStreamHandler.start",0,0,,
Abstract Method,"org.apache.commons.exec.ExecuteStreamHandler.stop",0,0,,
Public Class,"org.apache.commons.exec.ExecuteWatchdog",3,24,2,5
Public Constructor,"org.apache.commons.exec.ExecuteWatchdog.ExecuteWatchdog",1,2,,
Public Method,"org.apache.commons.exec.ExecuteWatchdog.checkException",1,2,,
Protected Method,"org.apache.commons.exec.ExecuteWatchdog.cleanUp",0,1,,
Public Method,"org.apache.commons.exec.ExecuteWatchdog.destroyProcess",0,1,,
Private Method,"org.apache.commons.exec.ExecuteWatchdog.ensureStarted",2,3,,
Public Method,"org.apache.commons.exec.ExecuteWatchdog.failedToStart",0,1,,
Public Method,"org.apache.commons.exec.ExecuteWatchdog.isWatching",0,1,,
Public Method,"org.apache.commons.exec.ExecuteWatchdog.killedProcess",0,1,,
Method,"org.apache.commons.exec.ExecuteWatchdog.setProcessNotStarted",0,1,,
Public Method,"org.apache.commons.exec.ExecuteWatchdog.start",1,4,,
Public Method,"org.apache.commons.exec.ExecuteWatchdog.stop",1,2,,
Public Method,"org.apache.commons.exec.ExecuteWatchdog.timeoutOccured",3,5,,
Public Interface,"org.apache.commons.exec.Executor",0,0,0,0
Abstract Method,"org.apache.commons.exec.Executor.execute",0,0,,
Abstract Method,"org.apache.commons.exec.Executor.execute",0,0,,
Abstract Method,"org.apache.commons.exec.Executor.execute",0,0,,
Abstract Method,"org.apache.commons.exec.Executor.execute",0,0,,
Abstract Method,"org.apache.commons.exec.Executor.getProcessDestroyer",0,0,,
Abstract Method,"org.apache.commons.exec.Executor.getStreamHandler",0,0,,
Abstract Method,"org.apache.commons.exec.Executor.getWatchdog",0,0,,
Abstract Method,"org.apache.commons.exec.Executor.getWorkingDirectory",0,0,,
Abstract Method,"org.apache.commons.exec.Executor.isFailure",0,0,,
Abstract Method,"org.apache.commons.exec.Executor.setExitValue",0,0,,
Abstract Method,"org.apache.commons.exec.Executor.setExitValues",0,0,,
Abstract Method,"org.apache.commons.exec.Executor.setProcessDestroyer",0,0,,
Abstract Method,"org.apache.commons.exec.Executor.setStreamHandler",0,0,,
Abstract Method,"org.apache.commons.exec.Executor.setWatchdog",0,0,,
Abstract Method,"org.apache.commons.exec.Executor.setWorkingDirectory",0,0,,
Public Class,"org.apache.commons.exec.InputStreamPumper",3,6,2,4
Public Constructor,"org.apache.commons.exec.InputStreamPumper.InputStreamPumper",0,1,,
Public Method,"org.apache.commons.exec.InputStreamPumper.run",3,4,,
Public Method,"org.apache.commons.exec.InputStreamPumper.stopProcessing",0,1,,
Public Abstract Class,"org.apache.commons.exec.LogOutputStream",2,19,1,5
Private Static Class,"org.apache.commons.exec.LogOutputStream.ByteArrayOutputStreamX",0,2,1,1
Private Constructor,"org.apache.commons.exec.LogOutputStream.ByteArrayOutputStreamX.ByteArrayOutputStreamX",0,1,,
Public Method,"org.apache.commons.exec.LogOutputStream.ByteArrayOutputStreamX.toString",0,1,,
Public Constructor,"org.apache.commons.exec.LogOutputStream.LogOutputStream",0,1,,
Public Constructor,"org.apache.commons.exec.LogOutputStream.LogOutputStream",0,2,,
Public Constructor,"org.apache.commons.exec.LogOutputStream.LogOutputStream",0,1,,
Public Method,"org.apache.commons.exec.LogOutputStream.close",1,2,,
Public Method,"org.apache.commons.exec.LogOutputStream.flush",1,2,,
Public Method,"org.apache.commons.exec.LogOutputStream.getMessageLevel",0,1,,
Protected Method,"org.apache.commons.exec.LogOutputStream.processBuffer",0,1,,
Protected Abstract Method,"org.apache.commons.exec.LogOutputStream.processLine",0,0,,
Protected Method,"org.apache.commons.exec.LogOutputStream.processLine",0,1,,
Public Method,"org.apache.commons.exec.LogOutputStream.write",2,3,,
Public Method,"org.apache.commons.exec.LogOutputStream.write",2,5,,
Public Class,"org.apache.commons.exec.LogOutputStreamTest",1,6,1,2
Private Class,"org.apache.commons.exec.LogOutputStreamTest.SystemLogOutputStream",0,4,1,1
Private Constructor,"org.apache.commons.exec.LogOutputStreamTest.SystemLogOutputStream.SystemLogOutputStream",0,1,,
Private Constructor,"org.apache.commons.exec.LogOutputStreamTest.SystemLogOutputStream.SystemLogOutputStream",0,1,,
Private Method,"org.apache.commons.exec.LogOutputStreamTest.SystemLogOutputStream.getOutput",0,1,,
Protected Method,"org.apache.commons.exec.LogOutputStreamTest.SystemLogOutputStream.processLine",0,1,,
Public Static Method,"org.apache.commons.exec.LogOutputStreamTest.classSetUp",0,1,,
Public Method,"org.apache.commons.exec.LogOutputStreamTest.setUp",0,1,,
Public Method,"org.apache.commons.exec.LogOutputStreamTest.tearDown",1,2,,
Public Method,"org.apache.commons.exec.LogOutputStreamTest.testStdout",0,1,,
Public Method,"org.apache.commons.exec.LogOutputStreamTest.testStdoutWithUTF8Characters",0,1,,
Public Class,"org.apache.commons.exec.OS",3,36,2,19
Private Constructor,"org.apache.commons.exec.OS.OS",0,1,,
Public Static Method,"org.apache.commons.exec.OS.isArch",0,1,,
Private Static Method,"org.apache.commons.exec.OS.isFamily",0,1,,
Public Static Method,"org.apache.commons.exec.OS.isFamilyDOS",0,1,,
Public Static Method,"org.apache.commons.exec.OS.isFamilyMac",0,1,,
Public Static Method,"org.apache.commons.exec.OS.isFamilyNetware",0,1,,
Public Static Method,"org.apache.commons.exec.OS.isFamilyOS2",0,1,,
Public Static Method,"org.apache.commons.exec.OS.isFamilyOS400",0,1,,
Public Static Method,"org.apache.commons.exec.OS.isFamilyOpenVms",0,1,,
Public Static Method,"org.apache.commons.exec.OS.isFamilyTandem",0,1,,
Public Static Method,"org.apache.commons.exec.OS.isFamilyUnix",0,1,,
Public Static Method,"org.apache.commons.exec.OS.isFamilyWin9x",0,1,,
Public Static Method,"org.apache.commons.exec.OS.isFamilyWinNT",0,1,,
Public Static Method,"org.apache.commons.exec.OS.isFamilyWindows",0,1,,
Public Static Method,"org.apache.commons.exec.OS.isFamilyZOS",0,1,,
Public Static Method,"org.apache.commons.exec.OS.isName",0,1,,
Public Static Method,"org.apache.commons.exec.OS.isOs",3,19,,
Public Static Method,"org.apache.commons.exec.OS.isVersion",0,1,,
Public Interface,"org.apache.commons.exec.ProcessDestroyer",0,0,0,0
Abstract Method,"org.apache.commons.exec.ProcessDestroyer.add",0,0,,
Abstract Method,"org.apache.commons.exec.ProcessDestroyer.remove",0,0,,
Abstract Method,"org.apache.commons.exec.ProcessDestroyer.size",0,0,,
Public Class,"org.apache.commons.exec.PumpStreamHandler",4,37,2,7
Public Constructor,"org.apache.commons.exec.PumpStreamHandler.PumpStreamHandler",0,1,,
Public Constructor,"org.apache.commons.exec.PumpStreamHandler.PumpStreamHandler",0,1,,
Public Constructor,"org.apache.commons.exec.PumpStreamHandler.PumpStreamHandler",0,1,,
Public Constructor,"org.apache.commons.exec.PumpStreamHandler.PumpStreamHandler",0,1,,
Protected Method,"org.apache.commons.exec.PumpStreamHandler.createProcessErrorPump",0,1,,
Protected Method,"org.apache.commons.exec.PumpStreamHandler.createProcessOutputPump",0,1,,
Protected Method,"org.apache.commons.exec.PumpStreamHandler.createPump",0,2,,
Protected Method,"org.apache.commons.exec.PumpStreamHandler.createPump",0,1,,
Private Method,"org.apache.commons.exec.PumpStreamHandler.createSystemInPump",0,1,,
Protected Method,"org.apache.commons.exec.PumpStreamHandler.getErr",0,1,,
Protected Method,"org.apache.commons.exec.PumpStreamHandler.getOut",0,1,,
Public Method,"org.apache.commons.exec.PumpStreamHandler.setProcessErrorStream",1,2,,
Public Method,"org.apache.commons.exec.PumpStreamHandler.setProcessInputStream",2,4,,
Public Method,"org.apache.commons.exec.PumpStreamHandler.setProcessOutputStream",1,2,,
Public Method,"org.apache.commons.exec.PumpStreamHandler.setStopTimeout",0,1,,
Public Method,"org.apache.commons.exec.PumpStreamHandler.start",1,4,,
Public Method,"org.apache.commons.exec.PumpStreamHandler.stop",2,7,,
Protected Method,"org.apache.commons.exec.PumpStreamHandler.stopThread",4,5,,
Public Class,"org.apache.commons.exec.ShutdownHookProcessDestroyer",2,17,1,4
Private Class,"org.apache.commons.exec.ShutdownHookProcessDestroyer.ProcessDestroyerImpl",1,4,1,2
Public Constructor,"org.apache.commons.exec.ShutdownHookProcessDestroyer.ProcessDestroyerImpl.ProcessDestroyerImpl",0,1,,
Public Method,"org.apache.commons.exec.ShutdownHookProcessDestroyer.ProcessDestroyerImpl.run",1,2,,
Public Method,"org.apache.commons.exec.ShutdownHookProcessDestroyer.ProcessDestroyerImpl.setShouldDestroy",0,1,,
Public Constructor,"org.apache.commons.exec.ShutdownHookProcessDestroyer.ShutdownHookProcessDestroyer",0,1,,
Public Method,"org.apache.commons.exec.ShutdownHookProcessDestroyer.add",1,2,,
Private Method,"org.apache.commons.exec.ShutdownHookProcessDestroyer.addShutdownHook",1,2,,
Public Method,"org.apache.commons.exec.ShutdownHookProcessDestroyer.isAddedAsShutdownHook",0,1,,
Public Method,"org.apache.commons.exec.ShutdownHookProcessDestroyer.isEmpty",0,1,,
Public Method,"org.apache.commons.exec.ShutdownHookProcessDestroyer.remove",1,2,,
Private Method,"org.apache.commons.exec.ShutdownHookProcessDestroyer.removeShutdownHook",2,4,,
Public Method,"org.apache.commons.exec.ShutdownHookProcessDestroyer.run",2,3,,
Public Method,"org.apache.commons.exec.ShutdownHookProcessDestroyer.size",0,1,,
Public Class,"org.apache.commons.exec.StandAloneTest",1,3,1,2
Public Static Method,"org.apache.commons.exec.StandAloneTest.classSetUp",0,1,,
Public Method,"org.apache.commons.exec.StandAloneTest.testMe",1,2,,
Public Class,"org.apache.commons.exec.StreamPumper",2,12,2,5
Public Constructor,"org.apache.commons.exec.StreamPumper.StreamPumper",0,1,,
Public Constructor,"org.apache.commons.exec.StreamPumper.StreamPumper",0,2,,
Public Constructor,"org.apache.commons.exec.StreamPumper.StreamPumper",0,1,,
Public Method,"org.apache.commons.exec.StreamPumper.isFinished",0,1,,
Public Method,"org.apache.commons.exec.StreamPumper.run",2,5,,
Public Method,"org.apache.commons.exec.StreamPumper.waitFor",1,2,,
Public Class,"org.apache.commons.exec.TestUtil",1,9,3,4
Private Constructor,"org.apache.commons.exec.TestUtil.TestUtil",0,1,,
Public Static Method,"org.apache.commons.exec.TestUtil.getTestScriptCodesForOS",1,4,,
Public Static Method,"org.apache.commons.exec.TestUtil.resolveScriptForOS",1,4,,
Public Interface,"org.apache.commons.exec.TimeoutObserver",0,0,0,0
Abstract Method,"org.apache.commons.exec.TimeoutObserver.timeoutOccured",0,0,,
Public Class,"org.apache.commons.exec.TutorialTest",1,5,2,3
Private Class,"org.apache.commons.exec.TutorialTest.PrintResultHandler",1,5,1,2
Public Constructor,"org.apache.commons.exec.TutorialTest.PrintResultHandler.PrintResultHandler",0,1,,
Public Constructor,"org.apache.commons.exec.TutorialTest.PrintResultHandler.PrintResultHandler",0,1,,
Public Method,"org.apache.commons.exec.TutorialTest.PrintResultHandler.onProcessComplete",0,1,,
Public Method,"org.apache.commons.exec.TutorialTest.PrintResultHandler.onProcessFailed",1,2,,
Public Method,"org.apache.commons.exec.TutorialTest.print",1,3,,
Public Method,"org.apache.commons.exec.TutorialTest.testTutorialExample",1,2,,
Public Class,"org.apache.commons.exec.Watchdog",2,12,1,4
Public Constructor,"org.apache.commons.exec.Watchdog.Watchdog",1,2,,
Public Method,"org.apache.commons.exec.Watchdog.addTimeoutObserver",0,1,,
Protected Method,"org.apache.commons.exec.Watchdog.fireTimeoutOccured",1,2,,
Public Method,"org.apache.commons.exec.Watchdog.removeTimeoutObserver",0,1,,
Public Method,"org.apache.commons.exec.Watchdog.run",2,4,,
Public Method,"org.apache.commons.exec.Watchdog.start",0,1,,
Public Method,"org.apache.commons.exec.Watchdog.stop",0,1,,
Package,"org.apache.commons.exec.environment",1,28,1,5
Public Class,"org.apache.commons.exec.environment.DefaultProcessingEnvironment",1,8,1,2
Private Method,"org.apache.commons.exec.environment.DefaultProcessingEnvironment.createEnvironmentMap",0,2,,
Anonymous Class,"org.apache.commons.exec.environment.DefaultProcessingEnvironment.createEnvironmentMap.(Anon_1)",0,1,1,1
Public Method,"org.apache.commons.exec.environment.DefaultProcessingEnvironment.createEnvironmentMap.(Anon_1).compare",0,1,,
Protected Method,"org.apache.commons.exec.environment.DefaultProcessingEnvironment.createProcEnvironment",1,2,,
Protected Method,"org.apache.commons.exec.environment.DefaultProcessingEnvironment.getProcEnvCommand",0,1,,
Public Method,"org.apache.commons.exec.environment.DefaultProcessingEnvironment.getProcEnvironment",1,2,,
Protected Method,"org.apache.commons.exec.environment.DefaultProcessingEnvironment.runProcEnvCommand",0,1,,
Public Class,"org.apache.commons.exec.environment.EnvironmentUtils",1,10,2,5
Private Constructor,"org.apache.commons.exec.environment.EnvironmentUtils.EnvironmentUtils",0,1,,
Public Static Method,"org.apache.commons.exec.environment.EnvironmentUtils.addVariableToEnvironment",0,1,,
Public Static Method,"org.apache.commons.exec.environment.EnvironmentUtils.getProcEnvironment",0,1,,
Private Static Method,"org.apache.commons.exec.environment.EnvironmentUtils.parseEnvironmentVariable",1,2,,
Public Static Method,"org.apache.commons.exec.environment.EnvironmentUtils.toStrings",1,5,,
Public Class,"org.apache.commons.exec.environment.EnvironmentUtilsTest",1,9,1,3
Public Method,"org.apache.commons.exec.environment.EnvironmentUtilsTest.testCaseInsensitiveVariableLookup",0,1,,
Public Method,"org.apache.commons.exec.environment.EnvironmentUtilsTest.testGetProcEnvironment",1,2,,
Public Method,"org.apache.commons.exec.environment.EnvironmentUtilsTest.testGetProcEnvironmentCaseInsensitiveLookup",1,3,,
Public Method,"org.apache.commons.exec.environment.EnvironmentUtilsTest.testToStringWithNullKey",0,1,,
Public Method,"org.apache.commons.exec.environment.EnvironmentUtilsTest.testToStringWithNullValue",0,1,,
Public Method,"org.apache.commons.exec.environment.EnvironmentUtilsTest.testToStrings",0,1,,
Public Class,"org.apache.commons.exec.environment.OpenVmsProcessingEnvironment",0,0,0,0
Package,"org.apache.commons.exec.issues",3,50,1,6
Public Class,"org.apache.commons.exec.issues.Exec33Test",0,1,1,1
Public Method,"org.apache.commons.exec.issues.Exec33Test.testExec33",0,1,,
Public Class,"org.apache.commons.exec.issues.Exec34Test",0,2,1,1
Public Method,"org.apache.commons.exec.issues.Exec34Test.testExec34_1",0,1,,
Public Method,"org.apache.commons.exec.issues.Exec34Test.testExec34_2",0,1,,
Public Class,"org.apache.commons.exec.issues.Exec36Test",1,11,1,4
Public Method,"org.apache.commons.exec.issues.Exec36Test._testExec36_4",0,1,,
Public Method,"org.apache.commons.exec.issues.Exec36Test._testExec36_5",0,1,,
Public Method,"org.apache.commons.exec.issues.Exec36Test._testExec36_6",0,1,,
Public Method,"org.apache.commons.exec.issues.Exec36Test.setUp",0,1,,
Public Method,"org.apache.commons.exec.issues.Exec36Test.tearDown",0,1,,
Public Method,"org.apache.commons.exec.issues.Exec36Test.testExec36_1",1,2,,
Public Method,"org.apache.commons.exec.issues.Exec36Test.testExec36_2",1,4,,
Public Class,"org.apache.commons.exec.issues.Exec41Test",1,9,4,6
Public Method,"org.apache.commons.exec.issues.Exec41Test.testExec41WithStreams",1,6,,
Public Method,"org.apache.commons.exec.issues.Exec41Test.testExec41WithoutStreams",1,3,,
Public Class,"org.apache.commons.exec.issues.Exec44Test",0,1,1,1
Public Method,"org.apache.commons.exec.issues.Exec44Test.testExec44",0,1,,
Public Class,"org.apache.commons.exec.issues.Exec49Test",2,6,3,3
Public Method,"org.apache.commons.exec.issues.Exec49Test.testExec49_1",2,3,,
Public Method,"org.apache.commons.exec.issues.Exec49Test.testExec49_2",2,3,,
Public Class,"org.apache.commons.exec.issues.Exec57Test",1,3,1,2
Public Method,"org.apache.commons.exec.issues.Exec57Test.testExecutionOfBackgroundProcess",0,1,,
Public Method,"org.apache.commons.exec.issues.Exec57Test.testExecutionOfDetachedProcess",1,2,,
Public Class,"org.apache.commons.exec.issues.Exec60Test",3,4,4,4
Public Method,"org.apache.commons.exec.issues.Exec60Test.testExec_60",3,4,,
Public Class,"org.apache.commons.exec.issues.Exec62Test",1,6,1,2
Private Method,"org.apache.commons.exec.issues.Exec62Test.execute",1,2,,
Public Method,"org.apache.commons.exec.issues.Exec62Test.setUp",0,1,,
Public Method,"org.apache.commons.exec.issues.Exec62Test.tearDown",0,1,,
Public Method,"org.apache.commons.exec.issues.Exec62Test.testMe",1,2,,
Public Class,"org.apache.commons.exec.issues.Exec65Test",1,7,1,2
Public Method,"org.apache.commons.exec.issues.Exec65Test.testExec65WitSleepUsingSleepCommandDirectly",1,2,,
Public Method,"org.apache.commons.exec.issues.Exec65Test.testExec65WithSleepUsingShellScript",1,2,,
Public Method,"org.apache.commons.exec.issues.Exec65Test.testExec65WithSleepUsingShellScriptAndJDKOnly",0,1,,
Public Method,"org.apache.commons.exec.issues.Exec65Test.testExec65WithSudoUsingShellScript",1,2,,
Package,"org.apache.commons.exec.launcher",6,27,1,9
Public Interface,"org.apache.commons.exec.launcher.CommandLauncher",0,0,0,0
Abstract Method,"org.apache.commons.exec.launcher.CommandLauncher.exec",0,0,,
Abstract Method,"org.apache.commons.exec.launcher.CommandLauncher.exec",0,0,,
Abstract Method,"org.apache.commons.exec.launcher.CommandLauncher.isFailure",0,0,,
Public Class,"org.apache.commons.exec.launcher.CommandLauncherFactory",1,3,1,2
Private Constructor,"org.apache.commons.exec.launcher.CommandLauncherFactory.CommandLauncherFactory",0,1,,
Public Static Method,"org.apache.commons.exec.launcher.CommandLauncherFactory.createVMLauncher",1,2,,
Public Abstract Class,"org.apache.commons.exec.launcher.CommandLauncherImpl",0,2,1,1
Public Method,"org.apache.commons.exec.launcher.CommandLauncherImpl.exec",0,1,,
Public Abstract Method,"org.apache.commons.exec.launcher.CommandLauncherImpl.exec",0,0,,
Public Method,"org.apache.commons.exec.launcher.CommandLauncherImpl.isFailure",0,1,,
Public Abstract Class,"org.apache.commons.exec.launcher.CommandLauncherProxy",0,2,1,1
Public Constructor,"org.apache.commons.exec.launcher.CommandLauncherProxy.CommandLauncherProxy",0,1,,
Public Method,"org.apache.commons.exec.launcher.CommandLauncherProxy.exec",0,1,,
Public Class,"org.apache.commons.exec.launcher.Java13CommandLauncher",0,2,1,1
Public Constructor,"org.apache.commons.exec.launcher.Java13CommandLauncher.Java13CommandLauncher",0,1,,
Public Method,"org.apache.commons.exec.launcher.Java13CommandLauncher.exec",0,1,,
Public Class,"org.apache.commons.exec.launcher.OS2CommandLauncher",1,3,1,2
Public Constructor,"org.apache.commons.exec.launcher.OS2CommandLauncher.OS2CommandLauncher",0,1,,
Public Method,"org.apache.commons.exec.launcher.OS2CommandLauncher.exec",1,2,,
Public Class,"org.apache.commons.exec.launcher.VmsCommandLauncher",6,12,3,9
Private Method,"org.apache.commons.exec.launcher.VmsCommandLauncher.createCommandFile",6,9,,
Public Method,"org.apache.commons.exec.launcher.VmsCommandLauncher.exec",0,1,,
Public Method,"org.apache.commons.exec.launcher.VmsCommandLauncher.exec",0,1,,
Public Method,"org.apache.commons.exec.launcher.VmsCommandLauncher.isFailure",0,1,,
Public Class,"org.apache.commons.exec.launcher.WinNTCommandLauncher",1,3,1,2
Public Constructor,"org.apache.commons.exec.launcher.WinNTCommandLauncher.WinNTCommandLauncher",0,1,,
Public Method,"org.apache.commons.exec.launcher.WinNTCommandLauncher.exec",1,2,,
Package,"org.apache.commons.exec.util",6,49,2,14
Public Class,"org.apache.commons.exec.util.DebugUtils",2,6,2,4
Public Static Method,"org.apache.commons.exec.util.DebugUtils.handleException",2,4,,
Public Static Method,"org.apache.commons.exec.util.DebugUtils.isDebugEnabled",0,1,,
Public Static Method,"org.apache.commons.exec.util.DebugUtils.isLenientEnabled",0,1,,
Public Class,"org.apache.commons.exec.util.MapUtilTest",0,3,1,1
Public Method,"org.apache.commons.exec.util.MapUtilTest.testCopyMap",0,1,,
Public Method,"org.apache.commons.exec.util.MapUtilTest.testMergeMap",0,1,,
Public Method,"org.apache.commons.exec.util.MapUtilTest.testPrefixMap",0,1,,
Public Class,"org.apache.commons.exec.util.MapUtils",1,8,2,3
Public Static Generic Method,"org.apache.commons.exec.util.MapUtils.copy",0,2,,
TypeVariable,"org.apache.commons.exec.util.MapUtils.copy.K",0,0,0,0
TypeVariable,"org.apache.commons.exec.util.MapUtils.copy.V",0,0,0,0
Public Static Generic Method,"org.apache.commons.exec.util.MapUtils.merge",1,3,,
TypeVariable,"org.apache.commons.exec.util.MapUtils.merge.K",0,0,0,0
TypeVariable,"org.apache.commons.exec.util.MapUtils.merge.V",0,0,0,0
Public Static Generic Method,"org.apache.commons.exec.util.MapUtils.prefix",1,3,,
TypeVariable,"org.apache.commons.exec.util.MapUtils.prefix.K",0,0,0,0
TypeVariable,"org.apache.commons.exec.util.MapUtils.prefix.V",0,0,0,0
Public Class,"org.apache.commons.exec.util.StringUtilTest",1,5,1,2
Public Method,"org.apache.commons.exec.util.StringUtilTest.testDefaultStringSubstitution",0,1,,
Public Method,"org.apache.commons.exec.util.StringUtilTest.testErroneousTemplate",0,1,,
Public Method,"org.apache.commons.exec.util.StringUtilTest.testIncompleteSubstitution",1,2,,
Public Method,"org.apache.commons.exec.util.StringUtilTest.testNoStringSubstitution",0,1,,
Public Class,"org.apache.commons.exec.util.StringUtils",6,27,4,14
Public Static Method,"org.apache.commons.exec.util.StringUtils.fixFileSeparatorChar",0,1,,
Public Static Method,"org.apache.commons.exec.util.StringUtils.isQuoted",0,1,,
Public Static Method,"org.apache.commons.exec.util.StringUtils.quoteArgument",2,6,,
Public Static Method,"org.apache.commons.exec.util.StringUtils.split",1,2,,
Public Static Method,"org.apache.commons.exec.util.StringUtils.stringSubstitution",6,14,,
Public Static Method,"org.apache.commons.exec.util.StringUtils.toString",2,3,,
File,"pmd.xml",0,0,0,0
File,"pom.xml",0,0,0,0
File,"site.xml",0,0,0,0
File,"src.xml",0,0,0,0
File,"testmatrix.xml",0,0,0,0
